date,idx
198601,12.0662653729
198602,12.0871772492
198603,12.0662653729
198604,11.9826169122
198605,11.919880328
198606,11.7944081146
198607,11.7525834068
198608,11.7525834068
198609,11.7734962382
198610,11.7316715304
198611,11.606199317
198612,11.4598152272
198701,11.4598152272
198702,11.4179905194
198703,11.3552548902
198704,11.2716064296
198705,11.2716064296
198706,11.2297817218
198707,11.2297817218
198708,11.3343420588
198709,11.6689359012
198710,11.8362318674
198711,11.9826169122
198712,12.0035287886
198801,12.233561339
198802,12.6936273949
198803,12.9863955744
198804,13.2582528326
198805,13.4046378775
198806,13.4673735066
198807,13.9274395625
198808,14.4293293711
198809,14.2620324499
198810,14.1574721129
198811,13.9274395625
198812,14.220207742
198901,14.7639222585
198902,15.7467890443
198903,16.3323273135
198904,17.4406672677
198905,17.2524584701
198906,16.8969537063
198907,16.6250964481
198908,16.6250964481
198909,16.5623598639
198910,16.8133052457
198911,16.8969537063
198912,16.8969537063
199001,17.3151950543
199002,18.3607984243
199003,19.1136326597
199004,20.4520051643
199005,20.7238624225
199006,20.8911583887
199007,21.0375434335
199008,21.3721363209
199009,22.1667952641
199010,22.6477731963
199011,23.2751352183
199012,23.2542223869
199101,23.6097281057
199102,24.1325297907
199103,24.9899243631
199104,25.7636714299
199105,25.4709022953
199106,25.0108371945
199107,24.9062768575
199108,24.7598918127
199109,24.4252989253
199110,24.0279694537
199111,22.9823660837
199112,22.2086190169
199201,22.1667952641
199202,22.1249705563
199203,22.1249705563
199204,21.9576745901
199205,21.4557847815
199206,20.9748068493
199207,20.8702465123
199208,21.3094006917
199209,21.7485539161
199210,21.6230817027
199211,21.4766966579
199212,21.2466641075
199301,21.3303125681
199302,21.6649054555
199303,21.6021688713
199304,21.4139610287
199305,21.2048403547
199306,20.9538949729
199307,20.8911583887
199308,20.8493346359
199309,20.7865980517
199310,20.7447742989
199311,20.7238624225
199312,20.6611258383
199401,20.7029505461
199402,20.8284227595
199403,20.8493346359
199404,20.8284227595
199405,20.7865980517
199406,20.7656861753
199407,20.7656861753
199408,20.7865980517
199409,20.9120712201
199410,20.9120712201
199411,20.9120712201
199412,20.9120712201
199501,20.9120712201
199502,20.9329830965
199503,20.9748068493
199504,21.0584553099
199505,20.9748068493
199506,20.9748068493
199507,20.9538949729
199508,21.0375434335
199509,21.0584553099
199510,20.9748068493
199511,20.9329830965
199512,20.9120712201
199601,20.9748068493
199602,21.0166315571
199603,21.0375434335
199604,21.0375434335
199605,21.0166315571
199606,21.0166315571
199607,21.0375434335
199608,21.1421037705
199609,21.4139610287
199610,21.4557847815
199611,21.5603451185
199612,21.7903776689
199701,22.4804762751
199702,22.8987176231
199703,22.8359810389
199704,22.7941572861
199705,22.7314207019
199706,22.7314207019
199707,22.7314207019
199708,22.8568938703
199709,23.1287501735
199710,23.1287501735
199711,23.0241898365
199712,22.9196294995
199801,22.6059484885
199802,22.1040586799
199803,21.2675759839
199804,20.2637963667
199805,19.5109621313
199806,19.1763692439
199807,19.3436652101
199808,19.6155224683
199809,19.4482255471
199810,19.0927207833
199811,18.9254238621
199812,19.5736987155
199901,20.1801488611
199902,20.2637963667
199903,20.4101814115
199904,20.5147417485
199905,20.6820377147
199906,20.8284227595
199907,21.1630156469
199908,21.6439935791
199909,22.0413230507
199910,22.0204102193
199911,21.9158498823
199912,22.0204102193
200001,22.2713556011
200002,22.6059484885
200003,22.8150691625
200004,22.8150691625
200005,22.7941572861
200006,22.7941572861
200007,23.0032779601
200008,23.1287501735
200009,23.2751352183
200010,23.4006074317
200011,23.2123986341
200012,22.9405413759
200101,22.9614542073
200102,23.2333105105
200103,23.4424311845
200104,23.6933765663
200105,24.0488813301
200106,24.5716830151
200107,25.2617816213
200108,26.2237365307
200109,26.6838025865
200110,26.7256263393
200111,26.7883629235
200112,27.3739011927
200201,29.1514269217
200202,30.4270628421
200203,31.4935790435
200204,31.7863481781
200205,31.9536441443
200206,32.2045895261
200207,33.0410722221
200208,34.2957962661
200209,35.9687616581
200210,35.9896735345
200211,35.7805528605
200212,35.8014656919
200301,35.2159274227
200302,35.3204877597
200303,35.5296084337
200304,36.1987951635
200305,37.1189253651
200306,37.4535192075
200307,37.6913885784
200308,38.1412484314
200309,39.0883557844
200310,40.0620945748
200311,39.7670792543
200312,39.44661671
200401,39.3301655308
200402,39.5962602524
200403,39.8177702845
200404,40.1100065229
200405,40.1741737136
200406,40.0823331685
200407,39.9306735978
200408,39.6898494228
200409,39.5613173541
200410,39.4010731893
200411,39.1979327943
200412,39.0452188915
200501,38.9254461838
200502,39.3328233264
200503,39.5311237255
200504,39.9916968922
200505,40.3808906249
200506,41.2707030465
200507,42.0684781907
200508,42.256233358
200509,42.3297930822
200510,42.2549794286
200511,42.357759625
200512,42.5895121503
200601,42.9857443142
200602,43.4669953796
200603,44.2346580711
200604,45.234163059
200605,46.1407168239
200606,46.4351591378
200607,46.559227485
200608,46.6780279914
200609,46.9652141315
200610,48.0013772175
200611,50.9900345573
200612,52.8596548644
200701,53.7920149372
200702,53.9581152296
200703,54.0457814216
200704,54.0411056876
200705,53.9320864041
200706,53.9610728987
200707,54.1239977795
200708,54.2373814633
200709,54.3562535955
200710,54.4969305395
200711,54.6687952784
200712,54.7449726878
200801,55.0093932751
200802,55.3053464165
200803,56.0706569159
200804,57.18759795246
200805,57.670261215827
200806,57.965973246792
200807,58.107071474338
200808,58.102456203544
200809,58.111834638426
200810,57.935935238633
200811,57.447013448805
200812,56.506095388546
200901,55.988958155753
200902,55.894365827686
200903,55.752619755996
200904,55.948196171322
200905,56.044586894497
200906,56.324003099148
200907,56.819837088491
200908,57.110397310004
200909,57.787364135582
200910,57.989484164873
200911,57.977340622109
200912,57.961429826539
201001,58.012850085254
201002,58.168351876738
201003,58.156689398526
201004,58.056533753153
201005,57.844759190136
201006,57.517824699734
201007,57.215845196623
201008,56.955915633696
201009,56.811378955808
201010,56.706941251869
201011,56.650083215677
201012,56.689906582899
201101,56.778242046415
201102,56.949151631169
201103,57.032290820587
201104,57.03587980139
201105,56.987984539076
201106,56.921124688854
201107,56.828991276758
201108,56.766838232748
201109,56.705197512807
201110,56.632501102682
201111,56.530390570944
201112,56.439877371532
201201,56.348193039236
201202,56.269887266617
201203,56.130276601202
201204,55.886637191156
201205,55.739906860585
201206,55.568804123897
201207,55.270351979121
201208,55.011269805499
201209,54.655914589648
201210,54.324397985384
201211,54.109573824532
201212,53.911665137247
201301,53.709927171958
201302,53.569348612038
201303,53.431684857977
201304,53.363864192746
201305,53.334909281594
201306,53.223793930948
201307,53.047449347418
201308,52.895013819858
201309,52.868028447805
201310,52.917644558331
201311,52.922986915213
201312,52.921818635616
201401,52.939102281594
201402,53.006804363966
201403,53.130670768634
201404,53.173514402055
201405,53.15643247551
201406,53.103978845302
201407,53.100638909217
201408,53.116583431384
201409,53.281185657097
201410,53.436743456157
201411,53.490853759938
201412,53.499335789003
201501,53.544580773292
201502,53.647456183578
201503,53.902317238365
201504,54.198028521939
201505,54.408930934604
201506,54.678140443558
201507,54.93377213284
201508,55.23622249239
201509,55.640774958762
201510,55.915875835605
201511,56.295791040839
201512,56.474383542879
201601,56.538294562491
201602,56.621627207346
201603,56.661799780461
201604,56.72889618128
201605,56.887287459658
201606,57.114258644767
201607,57.424679112423
201608,57.746376971203
201609,57.99788910688
201610,58.414013101945
201611,58.799688965956
201612,58.858032762077
201701,58.874590970794
201702,58.897178164967
201703,58.956081353543
201704,59.037166787169
201705,59.166917533329
201706,59.671748432178
201707,60.184224617919
201708,60.81651614802
201709,60.907338419846
201710,61.179086925788
201711,61.558236549585
201712,61.965056235431
201801,62.661104072116
201802,63.278824468798
201803,64.072450389949
201804,64.592619865161
201805,64.849823772379
201806,65.102236256924
201807,65.44626804506
201808,66.211202646601
201809,68.749626279153
201810,70.013544971801
201811,70.290163468409
201812,70.366537860253
201901,70.345197718138
201902,70.280567289772
201903,70.161766754739
201904,70.060545585135
201905,70.017871605124
201906,69.964592113088
201907,70.223251863847
201908,70.506132546902
201909,70.821640589493
201910,71.231505726802
201911,71.632327358567
201912,72.399142248653
202001,72.881505940055
202002,73.256844057649
202003,73.793043983864
202004,73.906716892806
202005,73.906038309722
202006,74.288718112766
202007,75.877428898669
202008,77.435266537037
202009,78.980663218141
202010,79.568838721639
202011,80.79356147632
202012,81.857055363892
202101,83.1690808429
202102,84.49939843118
202103,85.624676623265
202104,86.439764283691
202105,87.310730746959
202106,88.759654649672
202107,89.897774559846
202108,91.330227578426
202109,92.876399499279
202110,93.848206445656
202111,94.841977136674
202112,95.27907189211
202201,95.501102424237
202202,95.588971126306
202203,95.641167206085
202204,95.745870212946
202205,95.948970799042
202206,96.077246341009
202207,96.110528673465
202208,95.970835409814
202209,95.784937885007
202210,95.144813723693
202211,93.797820853143
202212,92.454160152528
202301,90.519810154549
202302,89.436346739493
202303,88.389057124958
202304,87.532190998931
202305,86.766705802783
202306,86.519586270489
202307,86.323095683562
202308,86.274344191408
202309,86.502878498259
202310,86.702552685679
202311,86.735525316463
202312,86.643839916179
202401,86.477322182261
202402,86.373148406315
202403,86.244825251318
202404,86.101885815425
202405,86.074989287189
202406,86.181728638653
202407,86.663657170974
202408,87.436378715142
202409,88.199496028498
202410,88.640283249159
202411,88.893174935698
202412,89.106862556171
202501,89.164197609769
202502,89.219803570926
202503,89.797080567023
202504,90.681077876853
202505,91.236227034304
202506,92.538788432667
202507,93.726507511375
202508,94.284514294929
202509,95.054953114638
202510,96.440742377294
202511,98.096077602821
202512,99.138004473186
202601,100.0
202602,101.33613707974
202603,102.784070446069
202604,103.8165629402
202605,104.679722947
202606,105.7983526197
