report_date,filed,ticker,shares,value_usd,implied_price
2013-09-30,2013-11-14,COP,13529270,940419000,69.51
2013-09-30,2013-11-14,XOM,40089371,3449290000,86.04
2013-09-30,2013-11-14,PSX,27163918,1570618000,57.82
2013-09-30,2013-11-14,SU,18009957,644396000,35.78
2013-12-31,2014-02-14,COP,11079958,782799000,70.65
2013-12-31,2014-02-14,XOM,41129643,4162320000,101.2
2013-12-31,2014-02-14,PSX,27163918,2095153000,77.13
2013-12-31,2014-02-14,SU,13000000,455650000,35.05
2014-03-31,2014-05-15,COP,11079958,779475000,70.35
2014-03-31,2014-05-15,XOM,41129643,4017544000,97.68
2014-03-31,2014-05-15,PSX,9741303,750664000,77.06
2014-03-31,2014-05-15,SU,13000000,454480000,34.96
2014-06-30,2014-08-14,COP,1355228,116184000,85.73
2014-06-30,2014-08-14,XOM,41129643,4140932000,100.68
2014-06-30,2014-08-14,PSX,6495800,522457000,80.43
2014-06-30,2014-08-14,SU,16458330,701619000,42.63
2014-09-30,2014-11-14,COP,471994,36117000,76.52
2014-09-30,2014-11-14,XOM,41129643,3868243000,94.05
2014-09-30,2014-11-14,PSX,6202400,504317000,81.31
2014-09-30,2014-11-14,SU,18477730,667970000,36.15
2014-12-31,2015-02-17,PSX,6567600,470897000,71.7
2014-12-31,2015-02-17,SU,22354294,710420000,31.78
2015-03-31,2015-05-15,PSX,7499450,589457000,78.6
2015-03-31,2015-05-15,SU,22354294,653863000,29.25
2015-06-30,2015-08-14,SU,22354294,615191000,27.52
2015-09-30,2015-11-16,PSX,61486926,4724655000,76.84
2015-09-30,2015-11-16,SU,30000000,801600000,26.72
2015-12-31,2016-02-16,PSX,61486926,5029632000,81.8
2015-12-31,2016-02-16,SU,30000000,774000000,25.8
2016-03-31,2016-05-16,PSX,75550745,6541939000,86.59
2016-03-31,2016-05-16,SU,30000000,834299000,27.81
2016-06-30,2016-08-15,PSX,78782000,6250563000,79.34
2016-06-30,2016-08-15,SU,22275381,617696000,27.73
2016-09-30,2016-11-14,PSX,80689892,6499571000,80.55
2016-12-31,2017-02-14,PSX,80689892,6972414000,86.41
2017-03-31,2017-05-15,PSX,80689892,6392254000,79.22
2017-06-30,2017-08-14,PSX,80689892,6672247000,82.69
2017-09-30,2017-11-14,PSX,80689892,7392000000,91.61
2017-12-31,2018-02-14,PSX,80689892,8161782000,101.15
2018-03-31,2018-05-15,PSX,45689892,4382575000,95.92
2018-06-30,2018-08-14,PSX,34729514,3900471000,112.31
2018-09-30,2018-11-14,PSX,15433024,1739611000,112.72
2018-12-31,2019-02-14,PSX,11895842,1024826000,86.15
2018-12-31,2019-02-14,SU,10758000,300901000,27.97
2019-03-31,2019-05-15,PSX,5552715,528452000,95.17
2019-03-31,2019-05-15,SU,10758000,348882000,32.43
2019-06-30,2019-08-14,PSX,5552715,519401000,93.54
2019-06-30,2019-08-14,SU,10758000,335219000,31.16
2019-09-30,2019-11-14,OXY,7467508,332079000,44.47
2019-09-30,2019-11-14,PSX,5182637,530702000,102.4
2019-09-30,2019-11-14,SU,10758000,339738000,31.58
2019-12-31,2020-02-14,OXY,18933054,780231000,41.21
2019-12-31,2020-02-14,PSX,227436,25339000,111.41
2019-12-31,2020-02-14,SU,15019031,492624000,32.8
2020-03-31,2020-05-15,OXY,18933054,219245000,11.58
2020-03-31,2020-05-15,SU,14949031,236195000,15.8
2020-06-30,2020-08-14,SU,19201525,323738000,16.86
2020-09-30,2020-11-16,SU,19201525,234834000,12.23
2020-12-31,2021-02-16,CVX,48498965,4095738000,84.45
2020-12-31,2021-02-16,SU,13849207,232390000,16.78
2021-03-31,2021-05-17,CVX,23672271,2480617000,104.79
2021-06-30,2021-08-16,CVX,23123920,2421999000,104.74
2021-09-30,2021-11-15,CVX,28703519,2911972000,101.45
2021-12-31,2022-02-14,CVX,38245036,4488055000,117.35
2022-03-31,2022-05-16,CVX,159178117,25918973000,162.83
2022-03-31,2022-05-16,OXY,136373000,7737804000,56.74
2022-06-30,2022-08-15,CVX,161440149,23373304000,144.78
2022-06-30,2022-08-15,OXY,158549729,9335408000,58.88
2022-09-30,2022-11-14,CVX,165359318,23757173000,143.67
2022-09-30,2022-11-14,OXY,194351650,11942909000,61.45
2022-12-31,2023-02-14,CVX,162975771,29252521137,179.49
2022-12-31,2023-02-14,OXY,194351650,12242210434,62.99
2023-03-31,2023-05-15,CVX,132407595,21603623200,163.16
2023-03-31,2023-05-15,OXY,211707119,13216875439,62.43
2023-06-30,2023-08-14,CVX,123120120,19372950883,157.35
2023-06-30,2023-08-14,OXY,224129192,13178796490,58.8
2023-09-30,2023-11-14,CVX,110248289,18590066491,168.62
2023-09-30,2023-11-14,OXY,224129192,14541501977,64.88
2023-12-31,2024-02-14,CVX,126093326,18808080506,149.16
2023-12-31,2024-02-14,OXY,243715804,14552270657,59.71
2024-03-31,2024-05-15,CVX,122980207,19398897853,157.74
2024-03-31,2024-05-15,OXY,248018128,16118698139,64.99
2024-06-30,2024-08-14,CVX,118610534,18553059728,156.42
2024-06-30,2024-08-14,OXY,255281524,16090394458,63.03
2024-09-30,2024-11-14,CVX,118610534,17467773342,147.27
2024-09-30,2024-11-14,OXY,255281524,13157209747,51.54
2024-12-31,2025-02-14,CVX,118610534,17179549745,144.84
2024-12-31,2025-02-14,OXY,264178414,13053055436,49.41
2025-03-31,2025-05-15,CVX,118610534,19842356232,167.29
2025-03-31,2025-05-15,OXY,264941431,13077509034,49.36
2025-06-30,2025-08-14,CVX,122064792,17478457567,143.19
2025-06-30,2025-08-14,OXY,264941431,11130189516,42.01
2025-09-30,2025-11-14,CVX,122064792,18955441549,155.29
2025-09-30,2025-11-14,OXY,264941431,12518482615,47.25
2025-12-31,2026-02-17,CVX,130156362,19837131131,152.41
2025-12-31,2026-02-17,OXY,264941431,10894391643,41.12
2026-03-31,2026-05-15,CVX,84375856,17457364606,206.9
2026-03-31,2026-05-15,OXY,264941431,17221193015,65.0
2026-06-30,2026-08-14,CVX,84375856,13986141890,165.76
2026-06-30,2026-08-14,OXY,264941431,12868205304,48.57
