shock,type,start,pre_price,extreme_month,extreme_price,multiple,months_to_extreme,oil_12m_after_vs_extreme,energy_excess_12m_after,oil_36m_after_vs_extreme,energy_excess_36m_after,energy_excess_start_to_extreme
1973 阿拉伯石油禁运,供给冲击,1973-10,3.89,1975-01,7.61,1.96,15,0.134,-0.073,0.145,0.048,0.16
1979 伊朗革命 + 两伊战争,供给冲击,1979-01,9.47,1981-03,34.59,3.65,26,-0.182,-0.186,-0.247,-0.163,0.394
1990 伊拉克入侵科威特,供给冲击,1990-08,18.45,1990-10,36.04,1.95,2,-0.355,-0.187,-0.496,-0.261,0.104
2007–08 需求超级周期,需求驱动,2007-01,61.96,2008-06,133.88,2.16,17,-0.48,-0.224,-0.281,-0.194,0.571
2022 俄乌战争,供给冲击,2022-03,91.64,2022-06,114.84,1.25,3,-0.388,-0.025,-0.406,-0.276,0.225
2026 霍尔木兹断流,供给冲击,2026-03,64.51,2026-05,102.13,1.58,2,,,,,-0.079
1986 沙特价格战,负向（供给放开）,1986-01,24.51,1986-07,11.59,0.47,6,0.841,0.297,0.707,0.21,-0.168
2014 OPEC 不减产,负向（供给放开）,2014-07,105.79,2016-02,30.32,0.29,19,0.764,-0.003,0.812,-0.189,-0.403
2020 疫情 + 价格战,负向（需求崩塌）,2020-02,57.52,2020-04,16.55,0.29,2,2.729,-0.086,3.801,0.835,-0.191
